{"chunk_definitions":[{"row":58,"row_count":1,"visible":true,"expansion_state":0,"options":{"engine":"r","label":"setup","include":false},"document_id":"B84CBCB0","chunk_id":"csetup_chunk","chunk_label":"setup"},{"row":74,"row_count":1,"visible":true,"expansion_state":0,"options":{"engine":"r","label":"unnamed-chunk-64"},"document_id":"B84CBCB0","chunk_id":"ck7w6o1zvyell","chunk_label":"unnamed-chunk-1"},{"row":82,"row_count":1,"visible":true,"expansion_state":0,"options":{"engine":"r","label":"unnamed-chunk-65"},"document_id":"B84CBCB0","chunk_id":"cdswmx3g0n9rs","chunk_label":"unnamed-chunk-2"},{"row":87,"row_count":1,"visible":true,"expansion_state":0,"options":{"engine":"r","label":"unnamed-chunk-66"},"document_id":"B84CBCB0","chunk_id":"chnro0xvqju93","chunk_label":"unnamed-chunk-3"},{"row":91,"row_count":1,"visible":true,"expansion_state":0,"options":{"engine":"r","label":"unnamed-chunk-67"},"document_id":"B84CBCB0","chunk_id":"c442ql79wx4lm","chunk_label":"unnamed-chunk-4"},{"row":98,"row_count":1,"visible":true,"expansion_state":0,"options":{"engine":"r","label":"unnamed-chunk-68"},"document_id":"B84CBCB0","chunk_id":"cmz9nj1h5jfa9","chunk_label":"unnamed-chunk-5"},{"row":105,"row_count":1,"visible":true,"expansion_state":0,"options":{"engine":"r","label":"unnamed-chunk-69"},"document_id":"B84CBCB0","chunk_id":"ceanqb1w70s8y","chunk_label":"unnamed-chunk-6"},{"row":130,"row_count":1,"visible":true,"expansion_state":0,"options":{"engine":"r","label":"unnamed-chunk-70"},"document_id":"B84CBCB0","chunk_id":"cy06dmghqarld","chunk_label":"unnamed-chunk-7"},{"row":137,"row_count":1,"visible":true,"expansion_state":0,"options":{"engine":"r","label":"unnamed-chunk-71"},"document_id":"B84CBCB0","chunk_id":"cky9lj05326ul","chunk_label":"unnamed-chunk-8"},{"row":154,"row_count":1,"visible":true,"expansion_state":0,"options":{"engine":"r","label":"unnamed-chunk-72"},"document_id":"B84CBCB0","chunk_id":"cv71kokvdktct","chunk_label":"unnamed-chunk-9"},{"row":162,"row_count":1,"visible":true,"expansion_state":0,"options":{"engine":"r","label":"unnamed-chunk-73"},"document_id":"B84CBCB0","chunk_id":"cjfw8csmp88jx","chunk_label":"unnamed-chunk-10"},{"row":173,"row_count":1,"visible":true,"expansion_state":0,"options":{"engine":"r","label":"unnamed-chunk-74"},"document_id":"B84CBCB0","chunk_id":"caz8jocu2we90","chunk_label":"unnamed-chunk-11"},{"row":183,"row_count":1,"visible":true,"expansion_state":0,"options":{"engine":"r","label":"unnamed-chunk-75"},"document_id":"B84CBCB0","chunk_id":"cb5is3a9bkvyx","chunk_label":"unnamed-chunk-12"},{"row":277,"row_count":1,"visible":true,"expansion_state":0,"options":{"engine":"r","label":"unnamed-chunk-77"},"document_id":"B84CBCB0","chunk_id":"csruycmsz5el4","chunk_label":"unnamed-chunk-14"},{"row":295,"row_count":1,"visible":true,"expansion_state":0,"options":{"engine":"r","label":"unnamed-chunk-78"},"document_id":"B84CBCB0","chunk_id":"cciax81gzlzyf","chunk_label":"unnamed-chunk-15"},{"row":312,"row_count":1,"visible":true,"expansion_state":0,"options":{"engine":"r","label":"unnamed-chunk-79"},"document_id":"B84CBCB0","chunk_id":"cpddwtossp7b4","chunk_label":"unnamed-chunk-16"},{"row":324,"row_count":1,"visible":true,"expansion_state":0,"options":{"engine":"r","label":"unnamed-chunk-80"},"document_id":"B84CBCB0","chunk_id":"cpmjw5j46xefj","chunk_label":"unnamed-chunk-17"},{"row":335,"row_count":1,"visible":true,"expansion_state":0,"options":{"engine":"r","label":"unnamed-chunk-81"},"document_id":"B84CBCB0","chunk_id":"cozpgvl8x7d7u","chunk_label":"unnamed-chunk-18"},{"row":345,"row_count":1,"visible":true,"expansion_state":0,"options":{"engine":"r","label":"unnamed-chunk-82"},"document_id":"B84CBCB0","chunk_id":"c1av6e3ovupmy","chunk_label":"unnamed-chunk-19"},{"row":386,"row_count":1,"visible":true,"expansion_state":0,"options":{"engine":"r","label":"unnamed-chunk-44"},"document_id":"B84CBCB0","chunk_id":"cgqvd6lbzva3i","chunk_label":"unnamed-chunk-22"},{"row":426,"row_count":1,"visible":true,"expansion_state":0,"options":{"engine":"r","label":"unnamed-chunk-13"},"document_id":"B84CBCB0","chunk_id":"c7dfzpqr82dpr","chunk_label":"unnamed-chunk-24"}],"doc_write_time":1712975278,"working_dir":null,"default_chunk_options":{"echo":true,"message":false,"warning":false}}