{"chunk_definitions":[{"row":83,"row_count":1,"visible":true,"expansion_state":0,"options":{"engine":"r","label":"unnamed-chunk-46"},"document_id":"B84CBCB0","chunk_id":"cak1y5vnjht6v","chunk_label":"unnamed-chunk-1"},{"row":600,"row_count":1,"visible":true,"expansion_state":0,"options":{"engine":"r","echo":true,"out.width":"70%","fig.align":"center","fig.cap":"Histogramme des âges","label":"unnamed-chunk-67"},"document_id":"B84CBCB0","chunk_id":"cxwdsbl0sxwhk","chunk_label":"unnamed-chunk-34"},{"row":678,"row_count":1,"visible":true,"expansion_state":0,"options":{"engine":"r","label":"unnamed-chunk-43"},"document_id":"B84CBCB0","chunk_id":"cgd73s6ru9v2o","chunk_label":"unnamed-chunk-36"},{"row":695,"row_count":1,"visible":true,"expansion_state":0,"options":{"engine":"r","label":"unnamed-chunk-68"},"document_id":"B84CBCB0","chunk_id":"cnp4eakkb921g","chunk_label":"unnamed-chunk-37"},{"row":713,"row_count":1,"visible":true,"expansion_state":0,"options":{"engine":"r","label":"unnamed-chunk-55"},"document_id":"B84CBCB0","chunk_id":"cuv822s0il2dw","chunk_label":"unnamed-chunk-38"},{"row":727,"row_count":1,"visible":true,"expansion_state":0,"options":{"engine":"r","label":"unnamed-chunk-61"},"document_id":"B84CBCB0","chunk_id":"cyq20j70b26kl","chunk_label":"unnamed-chunk-39"},{"row":743,"row_count":1,"visible":true,"expansion_state":0,"options":{"engine":"r"},"document_id":"B84CBCB0","chunk_id":"c6l0uzju6stuk","chunk_label":"unnamed-chunk-40"},{"row":752,"row_count":1,"visible":true,"expansion_state":0,"options":{"engine":"r"},"document_id":"B84CBCB0","chunk_id":"cgx0jc8ht2ir8","chunk_label":"unnamed-chunk-41"}],"doc_write_time":1713052510,"working_dir":null,"default_chunk_options":{"echo":true,"message":false,"warning":false},"chunk_rendered_width":459}