{"chunk_definitions":[{"row":58,"row_count":1,"visible":true,"expansion_state":0,"options":{"engine":"r","label":"setup","include":false},"document_id":"B84CBCB0","chunk_id":"csetup_chunk","chunk_label":"setup"},{"row":74,"row_count":1,"visible":true,"expansion_state":0,"options":{"engine":"r","label":"unnamed-chunk-22"},"document_id":"B84CBCB0","chunk_id":"ck7w6o1zvyell","chunk_label":"unnamed-chunk-1"},{"row":82,"row_count":1,"visible":true,"expansion_state":0,"options":{"engine":"r","label":"unnamed-chunk-23"},"document_id":"B84CBCB0","chunk_id":"cdswmx3g0n9rs","chunk_label":"unnamed-chunk-2"},{"row":87,"row_count":1,"visible":true,"expansion_state":0,"options":{"engine":"r","label":"unnamed-chunk-24"},"document_id":"B84CBCB0","chunk_id":"chnro0xvqju93","chunk_label":"unnamed-chunk-3"},{"row":91,"row_count":1,"visible":true,"expansion_state":0,"options":{"engine":"r","label":"unnamed-chunk-25"},"document_id":"B84CBCB0","chunk_id":"c442ql79wx4lm","chunk_label":"unnamed-chunk-4"},{"row":98,"row_count":1,"visible":true,"expansion_state":0,"options":{"engine":"r","label":"unnamed-chunk-26"},"document_id":"B84CBCB0","chunk_id":"cmz9nj1h5jfa9","chunk_label":"unnamed-chunk-5"},{"row":105,"row_count":1,"visible":true,"expansion_state":0,"options":{"engine":"r","label":"unnamed-chunk-27"},"document_id":"B84CBCB0","chunk_id":"ceanqb1w70s8y","chunk_label":"unnamed-chunk-6"},{"row":130,"row_count":1,"visible":true,"expansion_state":0,"options":{"engine":"r","label":"unnamed-chunk-28"},"document_id":"B84CBCB0","chunk_id":"cy06dmghqarld","chunk_label":"unnamed-chunk-7"},{"row":137,"row_count":1,"visible":true,"expansion_state":0,"options":{"engine":"r","label":"unnamed-chunk-29"},"document_id":"B84CBCB0","chunk_id":"c9risicyva8mu","chunk_label":"unnamed-chunk-8"},{"row":154,"row_count":1,"visible":true,"expansion_state":0,"options":{"engine":"r","label":"unnamed-chunk-30"},"document_id":"B84CBCB0","chunk_id":"cdlom4vd1s46d","chunk_label":"unnamed-chunk-9"},{"row":160,"row_count":1,"visible":true,"expansion_state":0,"options":{"engine":"r","label":"unnamed-chunk-20"},"document_id":"B84CBCB0","chunk_id":"cjfw8csmp88jx","chunk_label":"unnamed-chunk-10"},{"row":171,"row_count":1,"visible":true,"expansion_state":0,"options":{"engine":"r","label":"unnamed-chunk-6"},"document_id":"B84CBCB0","chunk_id":"caz8jocu2we90","chunk_label":"unnamed-chunk-11"},{"row":181,"row_count":1,"visible":true,"expansion_state":0,"options":{"engine":"r","label":"unnamed-chunk-8"},"document_id":"B84CBCB0","chunk_id":"cb5is3a9bkvyx","chunk_label":"unnamed-chunk-12"},{"row":295,"row_count":1,"visible":true,"expansion_state":0,"options":{"engine":"r","label":"unnamed-chunk-42"},"document_id":"B84CBCB0","chunk_id":"c1av6e3ovupmy","chunk_label":"unnamed-chunk-19"},{"row":311,"row_count":1,"visible":true,"expansion_state":0,"options":{"engine":"r","label":"unnamed-chunk-44"},"document_id":"B84CBCB0","chunk_id":"cgqvd6lbzva3i","chunk_label":"unnamed-chunk-20"},{"row":351,"row_count":1,"visible":true,"expansion_state":0,"options":{"engine":"r","label":"unnamed-chunk-13"},"document_id":"B84CBCB0","chunk_id":"c7dfzpqr82dpr","chunk_label":"unnamed-chunk-22"}],"doc_write_time":1712864668,"working_dir":null,"default_chunk_options":{"echo":true,"message":false,"warning":false}}