{"chunk_definitions":[{"row":58,"row_count":1,"visible":true,"expansion_state":0,"options":{"engine":"r","label":"setup","include":false},"document_id":"B84CBCB0","chunk_id":"csetup_chunk","chunk_label":"setup"},{"row":74,"row_count":1,"visible":true,"expansion_state":0,"options":{"engine":"r","label":"unnamed-chunk-1"},"document_id":"B84CBCB0","chunk_id":"ck7w6o1zvyell","chunk_label":"unnamed-chunk-1"},{"row":82,"row_count":1,"visible":true,"expansion_state":0,"options":{"engine":"r","label":"unnamed-chunk-2"},"document_id":"B84CBCB0","chunk_id":"cdswmx3g0n9rs","chunk_label":"unnamed-chunk-2"},{"row":87,"row_count":1,"visible":true,"expansion_state":0,"options":{"engine":"r","label":"unnamed-chunk-3"},"document_id":"B84CBCB0","chunk_id":"chnro0xvqju93","chunk_label":"unnamed-chunk-3"},{"row":91,"row_count":1,"visible":true,"expansion_state":0,"options":{"engine":"r","label":"unnamed-chunk-4"},"document_id":"B84CBCB0","chunk_id":"c442ql79wx4lm","chunk_label":"unnamed-chunk-4"},{"row":98,"row_count":1,"visible":true,"expansion_state":0,"options":{"engine":"r","label":"unnamed-chunk-5"},"document_id":"B84CBCB0","chunk_id":"cmz9nj1h5jfa9","chunk_label":"unnamed-chunk-5"},{"row":105,"row_count":1,"visible":true,"expansion_state":0,"options":{"engine":"r","label":"unnamed-chunk-6"},"document_id":"B84CBCB0","chunk_id":"ceanqb1w70s8y","chunk_label":"unnamed-chunk-6"},{"row":130,"row_count":1,"visible":true,"expansion_state":0,"options":{"engine":"r","label":"unnamed-chunk-7"},"document_id":"B84CBCB0","chunk_id":"cy06dmghqarld","chunk_label":"unnamed-chunk-7"},{"row":137,"row_count":1,"visible":true,"expansion_state":0,"options":{"engine":"r","label":"unnamed-chunk-8"},"document_id":"B84CBCB0","chunk_id":"cky9lj05326ul","chunk_label":"unnamed-chunk-8"},{"row":154,"row_count":1,"visible":true,"expansion_state":0,"options":{"engine":"r","label":"unnamed-chunk-9"},"document_id":"B84CBCB0","chunk_id":"cv71kokvdktct","chunk_label":"unnamed-chunk-9"},{"row":162,"row_count":1,"visible":true,"expansion_state":0,"options":{"engine":"r","label":"unnamed-chunk-10"},"document_id":"B84CBCB0","chunk_id":"cjfw8csmp88jx","chunk_label":"unnamed-chunk-10"},{"row":173,"row_count":1,"visible":true,"expansion_state":0,"options":{"engine":"r","label":"unnamed-chunk-11"},"document_id":"B84CBCB0","chunk_id":"caz8jocu2we90","chunk_label":"unnamed-chunk-11"},{"row":183,"row_count":1,"visible":true,"expansion_state":0,"options":{"engine":"r","label":"unnamed-chunk-12"},"document_id":"B84CBCB0","chunk_id":"cb5is3a9bkvyx","chunk_label":"unnamed-chunk-12"},{"row":250,"row_count":1,"visible":true,"expansion_state":0,"options":{"engine":"r","label":"unnamed-chunk-13"},"document_id":"B84CBCB0","chunk_id":"c4fmvgdbiijmu","chunk_label":"unnamed-chunk-13"},{"row":277,"row_count":1,"visible":true,"expansion_state":0,"options":{"engine":"r","label":"unnamed-chunk-14"},"document_id":"B84CBCB0","chunk_id":"csruycmsz5el4","chunk_label":"unnamed-chunk-14"},{"row":295,"row_count":1,"visible":true,"expansion_state":0,"options":{"engine":"r","label":"unnamed-chunk-15"},"document_id":"B84CBCB0","chunk_id":"cciax81gzlzyf","chunk_label":"unnamed-chunk-15"},{"row":312,"row_count":1,"visible":true,"expansion_state":0,"options":{"engine":"r","label":"unnamed-chunk-16"},"document_id":"B84CBCB0","chunk_id":"cpddwtossp7b4","chunk_label":"unnamed-chunk-16"},{"row":324,"row_count":1,"visible":true,"expansion_state":0,"options":{"engine":"r","label":"unnamed-chunk-17"},"document_id":"B84CBCB0","chunk_id":"cpmjw5j46xefj","chunk_label":"unnamed-chunk-17"},{"row":335,"row_count":1,"visible":true,"expansion_state":0,"options":{"engine":"r","label":"unnamed-chunk-18"},"document_id":"B84CBCB0","chunk_id":"cozpgvl8x7d7u","chunk_label":"unnamed-chunk-18"},{"row":345,"row_count":1,"visible":true,"expansion_state":0,"options":{"engine":"r","label":"unnamed-chunk-19"},"document_id":"B84CBCB0","chunk_id":"c1av6e3ovupmy","chunk_label":"unnamed-chunk-19"},{"row":361,"row_count":1,"visible":true,"expansion_state":0,"options":{"engine":"r","label":"unnamed-chunk-20"},"document_id":"B84CBCB0","chunk_id":"cjx9qz0j9rn6m","chunk_label":"unnamed-chunk-20"},{"row":372,"row_count":1,"visible":true,"expansion_state":0,"options":{"engine":"r","label":"unnamed-chunk-21"},"document_id":"B84CBCB0","chunk_id":"clvtm0cv4x977","chunk_label":"unnamed-chunk-21"},{"row":386,"row_count":1,"visible":true,"expansion_state":0,"options":{"engine":"r","label":"unnamed-chunk-22"},"document_id":"B84CBCB0","chunk_id":"cgqvd6lbzva3i","chunk_label":"unnamed-chunk-22"},{"row":421,"row_count":1,"visible":true,"expansion_state":0,"options":{"engine":"r","label":"unnamed-chunk-23"},"document_id":"B84CBCB0","chunk_id":"cs32fzm71m1p0","chunk_label":"unnamed-chunk-23"},{"row":426,"row_count":1,"visible":true,"expansion_state":0,"options":{"engine":"r","label":"unnamed-chunk-24"},"document_id":"B84CBCB0","chunk_id":"c7dfzpqr82dpr","chunk_label":"unnamed-chunk-24"},{"row":468,"row_count":1,"visible":true,"expansion_state":0,"options":{"engine":"r","label":"unnamed-chunk-31"},"document_id":"B84CBCB0","chunk_id":"cyof9xnelgwai","chunk_label":"unnamed-chunk-25"},{"row":477,"row_count":1,"visible":true,"expansion_state":0,"options":{"engine":"r","echo":true,"out.width":"80%","fig.align":"center","fig.cap":"Genre du producteur","label":"unnamed-chunk-33"},"document_id":"B84CBCB0","chunk_id":"ckzo60nvjlcuy","chunk_label":"unnamed-chunk-26"},{"row":495,"row_count":1,"visible":true,"expansion_state":0,"options":{"engine":"r","label":"unnamed-chunk-36"},"document_id":"B84CBCB0","chunk_id":"cjnimenpufuup","chunk_label":"unnamed-chunk-27"},{"row":508,"row_count":1,"visible":true,"expansion_state":0,"options":{"engine":"r","echo":true,"out.width":"80%","fig.align":"center","fig.cap":"Statut dans le ménage","label":"unnamed-chunk-40"},"document_id":"B84CBCB0","chunk_id":"c8iqye4p3y3mm","chunk_label":"unnamed-chunk-28"},{"row":519,"row_count":1,"visible":true,"expansion_state":0,"options":{"engine":"r","label":"unnamed-chunk-41"},"document_id":"B84CBCB0","chunk_id":"crnrstsqymobr","chunk_label":"unnamed-chunk-29"},{"row":530,"row_count":1,"visible":true,"expansion_state":0,"options":{"engine":"r","label":"unnamed-chunk-42"},"document_id":"B84CBCB0","chunk_id":"cq0av2l21n30b","chunk_label":"unnamed-chunk-30"},{"row":542,"row_count":1,"visible":true,"expansion_state":0,"options":{"engine":"r","label":"unnamed-chunk-43"},"document_id":"B84CBCB0","chunk_id":"cmwnw9zkqo5ga","chunk_label":"unnamed-chunk-31"},{"row":550,"row_count":1,"visible":true,"expansion_state":0,"options":{"engine":"r","label":"unnamed-chunk-44"},"document_id":"B84CBCB0","chunk_id":"cbqgdtvmblkji","chunk_label":"unnamed-chunk-32"},{"row":561,"row_count":1,"visible":true,"expansion_state":0,"options":{"engine":"r","label":"unnamed-chunk-45"},"document_id":"B84CBCB0","chunk_id":"c6bd6r10aq83t","chunk_label":"unnamed-chunk-33"}],"doc_write_time":1713012429,"working_dir":null,"default_chunk_options":{"echo":true,"message":false,"warning":false},"chunk_rendered_width":566}